<?xml version="1.0" encoding="UTF-8"?>
<window type="dialog" id="14000">
    <defaultcontrol always="true">10</defaultcontrol>

    <coordinates>
        <system>1</system>
        <posx>0</posx>
        <posy>0</posy>
    </coordinates>

    <controls>
        <!-- Fundo preto com opacidade ocupando toda a tela -->
        <control type="image">
            <description>Fundo</description>
            <posx>0</posx>
            <posy>0</posy>
            <width>1920</width>
            <height>1080</height>
            <texture>colors/black.png</texture>
            <colordiffuse>F2000000</colordiffuse>
        </control>

        <!-- Logo em alta, centralizado -->
        <control type="image" id="10">
            <description>Logo TVSTREAMX</description>
            <posx>600</posx> <!-- (1920 - 720) / 2 -->
            <posy>60</posy>
            <width>720</width>
            <height>916</height> <!-- Proporcional a 1080x1373 -->
            <texture>$INFO[Window.Property(logo_image)]</texture>
        </control>

        <!-- Texto de instrução abaixo do logo -->
        <control type="label">
            <posx>660</posx>
            <posy>1000</posy>
            <width>600</width>
            <height>150</height> <!-- Aumentado para mostrar as 3 linhas -->
            <font>font13</font>
            <align>center</align>
            <textcolor>cyan</textcolor>
            <label>TVSTREAMX – Sua nova central de entretenimento!</label>
        </control>
    </controls>
</window>
